{
    "Великолепная": 1.0791812460476249,
    "Школа": 1.0791812460476249,
    "злословия": 1.0791812460476249,
    "вернулась": 1.0791812460476249,
    "в": 0.38021124171160603,
    "эфир": 1.0791812460476249,
    "после": 1.0791812460476249,
    "летних": 1.0791812460476249,
    "каникул": 1.0791812460476249,
    "новом": 1.0791812460476249,
    "формате": 1.0791812460476249
}